grade_id,student_id,subject_id,grade,date_received
1,1,5,85,2024-01-20
2,1,5,72,2023-11-08
3,1,4,75,2024-01-04
4,1,5,87,2023-12-13
5,1,6,99,2023-09-21
6,1,6,82,2023-10-14
7,1,4,89,2023-09-14
8,1,1,94,2023-12-15
9,1,2,70,2023-10-07
10,1,5,72,2023-12-06
11,1,3,85,2023-11-06
12,1,7,99,2023-12-29
13,1,3,82,2024-01-30
14,2,7,76,2023-12-19
15,2,6,86,2023-11-22
16,2,6,71,2023-09-09
17,2,4,76,2023-11-12
18,2,5,75,2024-01-13
19,2,5,67,2023-10-24
20,2,3,97,2023-12-07
21,2,5,77,2023-11-04
22,2,1,73,2024-02-04
23,2,6,81,2023-10-30
24,3,1,81,2023-10-09
25,3,3,72,2023-10-03
26,3,4,74,2024-02-09
27,3,3,86,2024-01-22
28,3,3,74,2023-10-07
29,3,5,100,2023-09-08
30,3,2,98,2023-10-05
31,3,1,95,2023-10-23
32,4,6,99,2024-02-06
33,4,4,97,2023-12-12
34,4,5,98,2024-01-11
35,4,3,64,2024-01-07
36,4,4,71,2024-02-08
37,4,6,83,2023-09-12
38,5,1,61,2023-12-05
39,5,4,60,2023-10-30
40,5,4,72,2023-10-01
41,5,7,98,2023-12-17
42,5,2,83,2023-11-11
43,5,6,92,2023-12-03
44,5,3,98,2024-01-13
45,5,2,63,2023-09-18
46,5,4,85,2024-01-28
47,5,2,63,2023-10-12
48,5,2,63,2023-10-17
49,5,5,92,2023-09-15
50,5,7,72,2024-01-15
51,5,7,63,2023-12-27
52,6,2,97,2023-09-15
53,6,5,62,2023-11-21
54,6,2,91,2023-09-01
55,6,2,77,2023-10-30
56,6,2,62,2023-12-16
57,6,6,98,2023-12-21
58,6,6,93,2023-12-27
59,6,6,80,2024-01-14
60,6,5,99,2023-11-11
61,6,1,86,2023-11-13
62,6,3,76,2024-01-21
63,6,2,79,2024-01-28
64,6,6,70,2023-12-25
65,6,7,96,2023-10-07
66,6,6,84,2023-12-08
67,6,6,79,2023-12-12
68,7,4,68,2023-09-21
69,7,4,83,2023-12-30
70,7,5,72,2023-10-06
71,7,5,71,2023-10-02
72,7,5,85,2023-12-06
73,7,4,96,2024-02-03
74,7,4,83,2023-11-09
75,7,4,73,2023-10-18
76,8,2,89,2024-02-01
77,8,6,90,2023-09-15
78,8,1,90,2023-09-09
79,8,7,64,2023-11-16
80,8,1,67,2023-12-31
81,8,3,76,2023-11-21
82,8,5,62,2023-10-15
83,8,3,85,2023-10-21
84,8,5,99,2023-09-04
85,8,3,60,2023-10-22
86,8,2,67,2023-11-13
87,8,7,92,2024-02-10
88,8,3,89,2024-02-02
89,8,7,70,2023-10-02
90,8,5,78,2023-12-17
91,8,6,60,2023-09-17
92,9,2,82,2023-12-12
93,9,4,83,2024-01-15
94,9,7,87,2023-12-15
95,9,7,70,2024-02-03
96,9,2,63,2023-10-30
97,9,4,67,2023-10-19
98,9,3,69,2023-10-07
99,9,6,74,2023-09-19
100,9,1,61,2023-11-04
101,9,3,83,2023-12-22
102,9,1,78,2023-09-23
103,9,1,84,2023-10-10
104,9,2,83,2023-09-28
105,9,2,93,2023-11-06
106,9,6,63,2023-09-13
107,9,6,89,2024-02-09
108,9,7,65,2023-12-10
109,10,1,92,2024-01-06
110,10,1,87,2023-09-13
111,10,2,98,2023-12-27
112,10,1,75,2023-09-08
113,10,2,98,2023-12-21
114,10,3,65,2024-01-14
115,10,7,69,2023-11-27
116,10,5,86,2024-01-13
117,10,1,70,2023-10-31
118,10,5,83,2023-12-07
119,10,2,97,2023-11-03
120,10,4,76,2023-12-03
121,10,7,63,2024-01-21
122,10,6,85,2023-11-29
123,10,7,78,2023-11-01
124,10,3,68,2023-09-03
125,10,6,73,2023-10-15
126,11,2,76,2023-10-08
127,11,5,78,2024-01-11
128,11,7,65,2023-11-16
129,11,2,78,2023-12-23
130,11,2,98,2023-10-18
131,11,2,63,2023-10-10
132,11,5,65,2023-12-16
133,11,7,74,2024-01-18
134,12,1,90,2024-01-29
135,12,5,80,2024-01-27
136,12,7,73,2023-11-18
137,12,5,99,2023-10-03
138,12,6,72,2024-02-02
139,12,2,96,2023-11-25
140,12,5,61,2023-10-10
141,12,7,74,2024-01-20
142,13,6,71,2023-10-30
143,13,3,75,2023-10-22
144,13,7,85,2023-11-19
145,13,5,99,2023-12-26
146,13,7,98,2023-11-11
147,13,5,94,2023-09-17
148,13,4,76,2023-11-04
149,13,7,86,2023-09-08
150,13,7,78,2024-01-18
151,13,1,76,2023-09-11
152,13,3,76,2023-11-05
153,13,6,87,2024-01-03
154,14,7,96,2023-11-16
155,14,3,92,2023-11-17
156,14,2,88,2023-10-24
157,14,7,70,2023-09-11
158,14,1,66,2024-02-02
159,14,4,66,2023-11-30
160,15,1,70,2023-09-25
161,15,6,77,2024-01-20
162,15,2,79,2023-12-08
163,15,7,93,2023-12-06
164,15,6,86,2023-11-22
165,15,2,96,2023-12-04
166,15,3,73,2023-12-17
167,16,7,76,2023-10-26
168,16,1,77,2023-11-04
169,16,3,89,2023-11-16
170,16,1,66,2023-12-05
171,16,4,67,2023-10-10
172,16,1,64,2023-11-17
173,16,4,72,2024-01-01
174,16,2,79,2023-10-25
175,16,5,93,2023-11-06
176,16,1,95,2024-01-29
177,16,3,100,2023-12-05
178,17,5,93,2023-12-02
179,17,6,75,2023-11-01
180,17,4,85,2023-12-27
181,17,4,65,2023-12-07
182,17,1,63,2024-02-03
183,17,1,64,2023-12-03
184,17,1,70,2023-09-28
185,17,2,80,2023-11-11
186,17,6,78,2023-09-01
187,17,2,78,2023-10-17
188,17,3,84,2023-11-23
189,17,4,77,2024-01-25
190,17,1,66,2024-01-04
191,17,4,74,2024-01-26
192,18,2,73,2023-10-07
193,18,1,100,2023-12-27
194,18,7,79,2023-10-23
195,18,2,86,2024-01-26
196,18,1,77,2023-09-11
197,18,5,79,2024-02-04
198,18,7,92,2023-09-29
199,18,4,79,2023-10-27
200,18,1,79,2023-10-18
201,18,6,76,2023-09-12
202,18,3,70,2024-01-13
203,19,2,79,2023-09-18
204,19,6,73,2023-12-30
205,19,1,96,2024-02-09
206,19,4,77,2024-01-22
207,19,4,77,2023-12-17
208,19,1,82,2024-01-04
209,19,3,67,2023-11-18
210,19,7,62,2023-12-08
211,19,3,75,2024-01-19
212,19,1,60,2023-12-14
213,19,1,75,2023-10-04
214,19,6,100,2023-09-13
215,20,7,80,2023-12-23
216,20,6,96,2023-11-02
217,20,1,83,2023-12-22
218,20,3,65,2024-01-15
219,20,1,91,2024-01-22
220,20,7,76,2023-10-13
221,20,4,67,2023-10-29
222,20,3,91,2023-09-17
223,20,6,74,2023-11-12
224,20,2,73,2023-09-26
225,20,5,65,2024-02-04
226,21,7,96,2023-12-24
227,21,2,100,2023-12-15
228,21,6,60,2024-01-23
229,21,3,68,2023-12-22
230,21,5,83,2023-12-02
231,21,7,79,2023-10-31
232,21,2,94,2024-01-27
233,21,3,64,2023-09-07
234,21,5,73,2023-10-19
235,21,5,97,2023-12-20
236,22,5,92,2023-09-06
237,22,1,63,2023-12-27
238,22,3,65,2023-09-13
239,22,6,68,2024-01-06
240,22,6,94,2023-11-21
241,22,7,74,2023-10-11
242,23,6,99,2023-09-04
243,23,2,70,2023-10-21
244,23,3,83,2023-09-17
245,23,3,80,2023-11-17
246,23,7,81,2023-11-11
247,23,3,71,2023-10-24
248,23,2,85,2023-10-16
249,23,4,94,2023-10-03
250,23,3,86,2023-12-01
251,23,5,67,2024-01-07
252,24,2,77,2024-01-15
253,24,6,63,2024-01-27
254,24,5,77,2023-10-28
255,24,7,87,2024-01-03
256,24,5,98,2023-10-18
257,24,4,76,2023-10-06
258,25,5,96,2023-09-20
259,25,2,79,2023-11-23
260,25,4,70,2023-09-11
261,25,4,97,2023-11-24
262,25,6,88,2023-12-27
263,25,6,77,2023-09-21
264,25,1,99,2023-12-30
265,25,4,74,2023-10-10
266,26,2,99,2023-10-03
267,26,5,82,2024-01-21
268,26,1,71,2023-12-19
269,26,1,72,2023-11-11
270,26,3,85,2023-11-15
271,26,6,83,2023-12-19
272,26,2,67,2023-09-03
273,26,7,100,2023-10-18
274,26,6,71,2023-11-12
275,26,2,82,2023-12-31
276,26,1,91,2023-09-02
277,26,6,88,2023-10-18
278,26,5,74,2023-11-13
279,27,5,96,2024-01-13
280,27,7,96,2023-09-13
281,27,5,89,2024-01-22
282,27,6,68,2023-12-30
283,27,2,72,2023-10-26
284,27,2,78,2024-01-24
285,27,7,65,2023-10-14
286,27,6,84,2023-09-05
287,27,4,81,2024-01-19
288,27,5,95,2023-09-19
289,27,1,90,2023-09-01
290,27,1,91,2023-10-22
291,28,1,64,2023-09-24
292,28,2,96,2023-10-14
293,28,6,69,2023-10-27
294,28,5,68,2023-09-21
295,28,7,85,2024-02-07
296,28,5,98,2023-09-12
297,28,6,86,2024-01-03
298,28,3,92,2024-01-11
299,28,1,88,2023-10-25
300,28,1,76,2023-09-20
301,28,4,78,2023-10-03
302,28,2,72,2023-11-24
303,29,3,83,2023-11-12
304,29,2,88,2024-01-01
305,29,3,62,2023-09-01
306,29,5,75,2023-11-04
307,29,4,90,2023-10-21
308,29,1,75,2023-09-03
309,29,4,74,2023-12-11
310,29,3,63,2024-01-08
311,29,2,64,2023-10-06
312,29,3,76,2023-11-04
313,29,6,72,2023-12-24
314,29,3,62,2023-11-12
315,29,3,82,2023-11-08
316,29,1,89,2023-11-23
317,29,1,88,2023-12-25
318,29,5,88,2023-11-16
319,29,6,73,2023-09-16
320,29,5,67,2023-12-26
321,29,4,86,2023-12-23
322,30,7,93,2024-01-01
323,30,6,89,2023-09-14
324,30,6,94,2023-12-09
325,30,3,67,2023-12-18
326,30,4,92,2023-12-11
327,30,3,94,2023-11-13
328,30,2,63,2023-09-08
329,30,4,64,2024-01-04
330,30,1,69,2024-01-30
331,30,4,68,2024-01-11
332,30,4,74,2024-01-22
333,30,7,96,2023-11-15
334,31,4,67,2023-12-30
335,31,2,61,2024-01-12
336,31,7,82,2023-11-27
337,31,4,96,2024-01-01
338,31,5,69,2023-12-06
339,31,1,73,2023-10-08
340,31,4,83,2023-09-15
341,31,6,81,2023-11-25
342,31,2,71,2023-12-17
343,31,4,88,2023-12-22
344,31,7,68,2023-09-10
345,31,1,72,2024-02-02
346,31,2,74,2023-09-13
347,31,2,93,2024-01-27
348,31,7,75,2023-11-19
349,31,2,98,2023-09-17
350,31,4,77,2023-12-07
351,31,1,77,2023-12-07
352,31,4,99,2024-01-08
353,32,6,67,2023-09-15
354,32,3,82,2023-10-14
355,32,5,98,2024-02-10
356,32,4,82,2023-09-12
357,32,1,62,2024-01-27
358,32,6,60,2023-11-13
359,32,3,74,2023-09-15
360,32,1,85,2023-12-10
361,32,4,64,2023-11-05
362,32,5,85,2023-11-26
363,32,1,83,2023-10-10
364,32,1,98,2023-12-05
365,32,5,76,2023-12-05
366,32,1,66,2023-09-12
367,32,7,79,2023-10-27
368,33,4,84,2023-12-25
369,33,5,70,2023-11-26
370,33,1,68,2023-12-11
371,33,7,81,2024-01-22
372,33,7,71,2023-10-09
373,34,2,61,2023-11-21
374,34,1,81,2023-12-09
375,34,6,99,2024-01-18
376,34,3,84,2023-11-15
377,34,5,96,2023-10-15
378,34,3,66,2024-01-23
379,34,7,82,2023-10-29
380,34,6,65,2024-01-12
381,34,2,60,2023-11-14
382,34,3,89,2024-01-31
383,35,6,62,2023-11-20
384,35,5,87,2023-09-03
385,35,4,96,2024-01-26
386,35,6,69,2023-10-01
387,35,1,68,2024-02-02
388,35,7,96,2023-12-11
389,35,4,92,2023-12-23
390,35,3,67,2024-01-22
391,36,5,93,2023-12-31
392,36,1,89,2024-01-25
393,36,6,62,2024-01-17
394,36,2,93,2024-01-06
395,36,7,86,2023-10-02
396,37,4,74,2023-12-28
397,37,7,85,2023-09-05
398,37,7,70,2023-10-13
399,37,1,80,2023-10-08
400,37,1,91,2023-11-23
401,37,2,76,2023-11-19
402,37,2,65,2023-10-15
403,37,3,62,2023-12-04
404,37,6,84,2023-11-21
405,37,2,100,2024-02-06
406,37,2,85,2024-01-10
407,37,2,79,2023-10-04
408,37,7,74,2023-11-26
409,37,7,75,2023-11-28
410,38,7,75,2024-01-15
411,38,2,92,2023-12-11
412,38,3,75,2024-02-11
413,38,6,89,2023-10-20
414,38,4,63,2023-12-01
415,38,6,73,2023-11-05
416,38,1,88,2023-09-14
417,38,1,92,2023-12-16
418,38,1,82,2023-09-22
419,38,2,66,2023-10-18
420,38,2,71,2023-11-09
421,38,5,68,2024-01-22
422,38,2,76,2023-09-05
423,38,2,60,2023-11-16
424,38,5,79,2023-12-17
425,38,3,83,2024-01-04
426,38,1,66,2023-10-16
427,38,7,97,2023-09-16
428,38,2,82,2023-12-24
429,38,7,61,2023-12-28
430,39,5,64,2023-11-17
431,39,4,75,2023-09-02
432,39,1,70,2024-01-15
433,39,3,99,2023-12-29
434,39,3,76,2024-01-11
435,39,5,82,2024-01-30
436,39,2,74,2024-01-26
437,39,3,93,2023-12-27
438,39,6,61,2023-12-05
439,39,2,97,2024-01-20
440,39,6,74,2023-09-14
441,39,1,66,2024-02-04
442,39,5,92,2023-11-30
443,39,2,96,2024-02-01
444,40,5,100,2023-09-26
445,40,6,69,2023-10-29
446,40,3,94,2023-09-21
447,40,7,94,2023-12-02
448,40,1,61,2023-12-17
449,40,3,77,2023-11-06
450,40,4,97,2024-01-13
451,40,4,86,2023-11-03
452,40,2,73,2024-02-11
453,40,2,60,2024-02-08
454,40,1,99,2023-10-25
455,40,1,94,2023-11-10
456,40,4,64,2023-10-20
457,40,1,63,2023-11-10
458,40,3,84,2023-10-11
459,40,4,66,2023-11-27
460,41,5,67,2023-09-04
461,41,4,93,2023-12-26
462,41,3,65,2024-01-27
463,41,5,64,2024-02-04
464,41,2,93,2023-12-17
465,41,6,88,2023-10-15
466,41,7,92,2023-10-25
467,41,7,77,2024-02-09
468,41,6,92,2024-02-03
469,41,3,78,2023-12-01
470,41,7,82,2023-11-24
471,41,4,86,2023-11-05
472,41,6,78,2023-10-06
473,41,1,66,2023-10-26
474,41,7,88,2023-12-10
475,41,1,100,2023-12-14
476,41,3,85,2023-12-17
477,41,4,78,2023-12-28
478,41,1,84,2024-01-08
479,41,3,65,2023-12-16
480,42,2,89,2023-12-20
481,42,1,72,2023-12-16
482,42,4,62,2023-10-03
483,42,7,83,2023-12-29
484,42,1,62,2023-10-05
485,42,2,100,2023-10-22
486,42,6,76,2024-02-01
487,42,4,78,2023-11-03
488,42,1,90,2023-11-10
489,42,5,86,2023-12-17
490,42,7,91,2023-12-15
491,42,6,78,2023-10-07
492,42,1,98,2023-09-19
493,42,1,63,2023-10-07
494,42,6,93,2024-01-11
495,42,1,65,2023-11-17
496,42,7,96,2024-01-04
497,42,3,75,2023-09-24
498,42,4,75,2023-11-02
499,42,3,89,2023-12-25
500,43,7,87,2023-09-18
501,43,6,60,2023-09-07
502,43,1,97,2023-09-20
503,43,4,81,2023-12-24
504,43,2,100,2024-02-05
505,43,6,100,2023-10-25
506,43,1,90,2023-10-27
507,43,2,84,2024-01-22
508,43,6,81,2023-11-21
509,43,1,71,2023-10-14
510,43,6,66,2023-11-30
511,43,2,98,2023-10-25
512,43,3,91,2023-10-12
513,43,4,89,2023-10-18
514,44,3,69,2024-02-05
515,44,2,74,2023-12-30
516,44,2,96,2023-11-04
517,44,6,70,2024-01-08
518,44,3,67,2023-10-10
519,45,7,61,2023-11-16
520,45,2,84,2023-09-20
521,45,4,64,2023-12-26
522,45,2,99,2023-12-12
523,45,1,71,2024-01-02
524,46,4,92,2023-10-30
525,46,7,65,2023-12-26
526,46,4,90,2023-11-22
527,46,1,60,2023-12-29
528,46,6,94,2023-09-19
529,46,1,92,2023-10-23
530,46,1,84,2023-12-12
531,46,2,94,2024-01-31
532,46,5,97,2023-12-23
533,46,6,87,2024-01-02
534,46,1,78,2023-10-14
535,46,1,66,2023-09-18
536,47,5,62,2023-09-24
537,47,6,70,2023-10-06
538,47,4,85,2023-12-21
539,47,5,97,2023-12-27
540,47,2,64,2024-02-07
541,47,7,78,2023-09-03
542,47,4,70,2023-10-11
543,47,6,90,2023-09-08
544,47,7,84,2024-01-30
545,47,5,100,2024-02-08
546,47,3,74,2023-11-22
547,47,7,62,2023-11-13
548,47,7,71,2023-12-10
549,47,6,98,2023-11-25
550,48,7,91,2023-11-06
551,48,6,94,2023-09-23
552,48,7,81,2023-12-17
553,48,3,96,2023-09-02
554,48,3,92,2023-12-24
555,48,1,68,2024-01-18
556,48,5,74,2023-10-19
557,48,4,78,2023-12-05
558,48,3,77,2024-01-29
559,48,4,85,2023-09-30
560,49,4,64,2024-01-31
561,49,3,93,2023-09-18
562,49,3,74,2023-10-25
563,49,7,66,2024-01-16
564,49,5,66,2023-10-15
565,49,3,100,2023-11-28
566,49,7,65,2023-09-29
567,49,2,68,2024-01-03
568,49,4,67,2023-10-21
569,49,3,99,2023-11-04
570,49,5,80,2024-01-15
571,49,5,81,2023-12-08
572,49,2,66,2023-12-21
573,49,3,90,2024-02-09
574,49,4,81,2023-12-11
575,49,1,97,2023-09-14
576,49,4,77,2023-12-17
577,49,5,64,2024-02-06
578,49,3,83,2023-10-11
579,50,2,61,2023-12-01
580,50,5,96,2023-09-03
581,50,1,78,2023-09-16
582,50,6,70,2023-12-16
583,50,2,93,2024-01-16
584,50,3,94,2023-10-26
585,50,5,74,2023-10-21
586,51,4,76,2023-11-12
587,51,3,75,2024-01-29
588,51,5,99,2023-11-17
589,51,4,86,2024-01-16
590,51,7,69,2023-10-08
591,51,3,74,2024-01-04
592,51,4,67,2024-01-06
593,51,3,74,2023-10-01
594,51,5,63,2024-01-17
595,51,4,94,2024-02-01
596,51,1,78,2023-12-02
597,51,2,77,2023-12-22
598,51,3,86,2023-10-05
599,51,1,69,2023-09-08
600,51,1,73,2023-10-10
601,52,3,74,2023-09-21
602,52,7,96,2023-12-28
603,52,7,79,2023-12-27
604,52,1,66,2023-09-30
605,52,1,60,2023-11-24
606,52,3,61,2024-01-10
607,52,5,78,2023-12-08
608,52,5,79,2023-10-19
609,52,7,89,2024-01-14
610,52,7,77,2023-12-08
611,52,3,72,2023-12-01
612,52,1,86,2023-10-20
613,52,1,91,2023-12-21
614,52,6,83,2024-02-03
615,53,7,81,2023-09-23
616,53,2,86,2024-02-06
617,53,6,86,2024-01-08
618,53,1,60,2023-12-21
619,53,3,97,2023-10-29
620,53,7,63,2023-12-22
621,53,2,85,2023-12-03
622,53,1,78,2023-09-04
623,53,7,92,2023-12-22
624,53,1,93,2023-12-11
625,53,3,72,2023-09-09
626,53,2,90,2024-01-07
627,53,2,71,2023-09-29
628,53,4,99,2023-12-26
629,53,7,78,2023-11-20
630,53,1,72,2023-11-20
631,53,3,76,2023-12-22
632,54,2,81,2023-12-21
633,54,2,87,2023-10-14
634,54,1,62,2023-10-14
635,54,5,91,2023-12-25
636,54,5,100,2023-09-18
637,54,7,65,2024-01-04
638,54,4,96,2023-09-11
639,54,4,97,2023-10-05
640,54,3,96,2023-09-19
641,54,2,81,2023-10-13
642,54,5,76,2023-11-27
643,54,7,96,2023-12-27
644,54,6,78,2023-11-25
645,54,2,82,2024-01-19
646,54,1,76,2023-09-03
647,54,6,89,2023-12-16
648,55,6,97,2024-02-10
649,55,7,69,2023-09-12
650,55,3,73,2023-11-14
651,55,6,87,2023-09-01
652,55,5,90,2024-01-22
653,55,3,69,2023-10-02
654,55,7,97,2023-10-27
655,55,6,66,2023-09-05
656,55,7,78,2024-01-26
657,55,6,69,2023-09-16
658,55,3,87,2023-11-11
659,55,7,93,2023-09-27
660,55,6,62,2023-09-26
661,55,5,86,2023-10-14
662,55,4,62,2023-09-02
663,55,7,64,2023-10-15
664,55,5,69,2023-09-28
665,55,6,63,2023-09-13
666,55,7,81,2023-12-24
667,55,6,73,2023-10-09
668,56,3,79,2023-09-16
669,56,7,81,2023-10-03
670,56,3,66,2023-10-15
671,56,4,62,2023-11-03
672,56,5,70,2023-11-22
673,56,2,67,2023-12-15
674,56,1,64,2023-11-16
675,56,1,85,2023-11-24
676,56,1,82,2024-01-01
677,56,7,80,2024-02-10
678,57,1,73,2023-12-22
679,57,3,74,2023-10-02
680,57,3,99,2024-01-21
681,57,6,65,2023-09-20
682,57,1,98,2023-10-18
683,57,5,88,2023-12-16
684,57,4,85,2023-09-22
685,57,3,93,2024-01-19
686,58,3,64,2023-09-26
687,58,1,75,2024-01-18
688,58,3,74,2023-09-29
689,58,2,69,2024-02-09
690,58,4,77,2023-12-28
691,58,1,88,2023-10-24
692,58,6,68,2023-11-01
693,58,4,82,2023-09-05
694,58,3,75,2023-11-14
695,58,2,66,2023-11-12
696,58,2,94,2023-12-22
697,58,5,71,2023-11-16
698,58,4,81,2023-10-18
699,58,7,68,2023-11-01
700,59,1,100,2023-12-17
701,59,2,98,2024-01-16
702,59,3,100,2023-09-07
703,59,4,85,2023-11-11
704,59,7,64,2024-01-17
705,59,5,66,2024-01-17
706,59,2,95,2024-01-30
707,59,2,77,2023-10-05
708,60,2,75,2023-10-06
709,60,6,85,2024-02-10
710,60,3,66,2023-11-22
711,60,3,91,2023-11-11
712,60,2,79,2023-12-20
713,61,2,77,2023-12-03
714,61,3,86,2023-10-07
715,61,4,98,2023-11-10
716,61,1,96,2024-02-04
717,61,6,93,2024-01-06
718,61,7,81,2023-09-06
719,61,5,92,2023-09-21
720,61,4,99,2023-12-20
721,61,7,71,2023-09-15
722,61,6,86,2023-12-28
723,61,3,79,2024-02-08
724,61,4,95,2023-09-01
725,61,4,92,2023-12-04
726,62,7,78,2023-10-21
727,62,1,76,2024-01-03
728,62,4,97,2023-11-23
729,62,6,61,2023-10-25
730,62,3,76,2023-12-24
731,62,7,84,2024-02-06
732,62,1,66,2024-02-10
733,62,5,67,2023-12-12
734,62,4,73,2023-11-28
735,62,1,62,2023-11-13
736,62,7,62,2023-10-02
737,62,4,75,2023-11-14
738,62,1,74,2023-12-23
739,62,4,73,2024-02-10
740,62,5,88,2023-12-30
741,62,4,96,2024-02-08
742,62,1,88,2024-01-19
743,62,4,80,2024-01-15
744,62,6,71,2024-01-06
745,63,4,60,2024-01-09
746,63,2,82,2023-10-12
747,63,3,90,2023-09-26
748,63,4,60,2023-12-01
749,63,6,100,2024-01-04
750,63,5,70,2023-12-21
751,63,6,79,2023-11-03
752,63,6,75,2024-01-27
753,63,1,85,2023-09-02
754,63,6,94,2023-10-27
755,63,5,99,2023-11-25
756,63,2,76,2023-10-03
757,63,1,63,2023-12-06
758,64,4,90,2023-12-09
759,64,3,79,2023-11-02
760,64,1,82,2023-11-07
761,64,6,65,2024-01-06
762,64,2,75,2023-09-12
763,65,1,78,2024-01-30
764,65,5,87,2023-12-27
765,65,5,80,2023-09-09
766,65,5,64,2024-01-10
767,65,6,60,2023-12-25
768,65,3,73,2024-01-03
769,65,1,81,2024-01-09
770,65,3,61,2023-11-25
771,65,6,90,2023-11-17
772,65,2,96,2023-11-13
773,65,1,74,2023-11-15
774,65,7,100,2023-11-18
775,65,6,65,2023-10-06
776,65,1,100,2023-10-21
777,65,3,99,2023-11-03
778,66,1,85,2024-01-18
779,66,3,65,2023-09-26
780,66,1,60,2023-11-25
781,66,5,91,2023-09-06
782,66,2,64,2023-09-01
783,66,5,95,2024-02-10
784,67,3,84,2023-12-13
785,67,5,79,2023-12-30
786,67,1,62,2023-11-15
787,67,2,94,2023-12-13
788,67,7,83,2023-10-21
789,67,7,94,2024-02-10
790,67,2,70,2023-10-06
791,67,2,76,2024-01-08
792,68,4,82,2023-11-15
793,68,6,80,2023-12-07
794,68,2,76,2024-01-26
795,68,3,84,2023-12-29
796,68,5,94,2023-10-21
797,69,5,63,2024-01-22
798,69,2,62,2023-12-05
799,69,5,68,2023-12-21
800,69,4,74,2023-12-25
801,69,4,88,2023-09-04
802,69,1,61,2024-01-27
803,69,6,91,2024-01-22
804,69,3,93,2023-11-01
805,69,7,69,2023-11-15
806,69,6,98,2023-11-10
807,69,6,69,2023-11-09
808,69,6,67,2023-09-25
809,69,2,100,2023-09-23
810,70,7,70,2024-01-01
811,70,7,86,2023-10-09
812,70,1,85,2023-10-04
813,70,6,68,2024-01-10
814,70,2,97,2023-09-04
815,70,3,88,2024-01-26
816,70,6,88,2023-12-24
817,70,3,83,2023-09-02
818,71,7,93,2023-12-03
819,71,6,86,2023-12-28
820,71,5,65,2023-11-25
821,71,2,80,2023-11-19
822,71,1,79,2023-10-23
823,71,6,94,2023-12-25
824,71,4,91,2023-11-16
825,71,4,98,2023-12-06
826,71,6,73,2023-10-17
827,71,7,63,2023-10-01
828,71,2,82,2024-02-05
829,71,5,90,2024-01-15
830,71,4,89,2023-12-23
831,71,2,77,2023-09-17
832,71,3,65,2023-11-21
833,71,6,100,2023-12-29
834,72,5,87,2023-12-30
835,72,6,92,2023-11-29
836,72,2,70,2023-10-15
837,72,5,72,2024-01-29
838,72,2,73,2023-12-15
839,72,5,89,2023-12-20
840,72,7,90,2023-11-20
841,72,1,74,2023-11-14
842,72,5,100,2023-09-26
843,72,3,99,2024-01-05
844,72,7,60,2023-12-01
845,72,1,62,2024-02-09
846,73,5,100,2023-11-20
847,73,1,61,2024-01-14
848,73,5,72,2024-01-22
849,73,5,75,2023-10-02
850,73,6,79,2023-09-05
851,73,1,76,2024-02-02
852,73,4,71,2023-09-12
853,73,4,81,2023-12-03
854,73,3,89,2023-09-09
855,73,4,73,2023-11-05
856,73,5,79,2023-12-17
857,73,3,99,2024-01-08
858,73,1,94,2024-01-21
859,73,1,91,2023-12-07
860,73,6,92,2024-01-07
861,73,5,97,2024-01-30
862,74,6,100,2023-09-26
863,74,4,91,2023-10-04
864,74,3,96,2024-01-18
865,74,2,77,2023-11-14
866,74,6,81,2023-12-05
867,74,5,62,2023-11-14
868,74,6,60,2023-10-17
869,74,5,62,2023-10-02
870,74,4,97,2023-10-19
871,74,4,84,2023-10-25
872,74,4,83,2024-01-23
873,74,6,85,2024-01-31
874,75,6,65,2023-10-10
875,75,2,61,2023-09-26
876,75,3,75,2023-09-10
877,75,5,97,2024-01-07
878,75,3,82,2023-11-07
879,75,6,77,2023-09-27
880,75,1,84,2023-09-03
881,76,2,79,2023-12-07
882,76,6,60,2024-01-03
883,76,2,75,2024-01-06
884,76,7,87,2023-09-21
885,76,1,61,2023-11-20
886,76,1,79,2023-10-26
887,76,7,71,2023-09-30
888,76,5,77,2023-11-30
889,76,4,72,2024-01-27
890,77,1,94,2023-10-10
891,77,2,93,2023-12-31
892,77,7,72,2023-10-17
893,77,5,99,2024-01-09
894,77,5,71,2024-01-20
895,77,3,62,2023-10-12
896,77,1,67,2024-02-09
897,77,1,60,2023-10-22
898,77,1,76,2024-02-02
899,77,6,72,2023-10-04
900,77,1,91,2024-02-01
901,77,5,88,2023-10-21
902,77,2,98,2023-12-01
903,77,2,71,2023-11-10
904,77,1,79,2023-10-06
905,77,4,64,2023-12-14
906,77,7,79,2024-01-11
907,77,7,62,2023-11-29
908,77,4,76,2023-09-21
909,77,1,95,2023-12-26
910,78,6,97,2024-01-26
911,78,5,84,2023-09-16
912,78,7,61,2023-11-12
913,78,7,85,2023-12-23
914,78,7,77,2023-10-19
915,78,7,95,2023-09-21
916,78,4,83,2023-10-13
917,78,2,81,2023-10-28
918,78,5,82,2023-11-28
919,78,2,93,2024-01-19
920,78,6,67,2024-01-18
921,78,7,72,2023-11-13
922,78,3,100,2023-10-28
923,78,1,91,2024-01-11
924,78,4,77,2023-12-08
925,78,4,77,2023-11-29
926,79,1,60,2023-12-02
927,79,2,89,2023-10-19
928,79,3,88,2023-09-29
929,79,6,89,2024-01-10
930,79,2,88,2024-01-08
931,79,1,73,2023-10-12
932,79,5,97,2023-11-10
933,79,5,82,2023-09-13
934,79,4,89,2024-01-26
935,79,4,82,2023-12-30
936,79,1,98,2023-09-23
937,79,3,87,2023-10-13
938,79,2,75,2023-09-27
939,79,4,70,2023-12-06
940,79,1,93,2024-02-07
941,79,7,60,2023-12-29
942,79,7,99,2023-09-30
943,79,6,79,2023-11-26
944,80,4,82,2023-11-30
945,80,1,81,2023-10-13
946,80,5,75,2023-11-29
947,80,5,76,2023-11-07
948,80,6,83,2023-10-12
949,80,6,72,2023-11-09
950,80,6,73,2024-01-01
951,80,7,93,2024-01-04
952,80,7,83,2023-12-21
953,81,5,76,2023-11-30
954,81,6,83,2023-10-16
955,81,2,67,2024-02-04
956,81,4,87,2024-01-09
957,81,6,82,2024-01-19
958,81,6,64,2023-11-03
959,81,2,61,2024-01-10
960,81,2,75,2023-12-24
961,81,5,92,2024-01-23
962,81,7,79,2023-11-24
963,81,3,67,2023-11-18
964,82,4,97,2023-09-14
965,82,1,90,2024-01-24
966,82,5,66,2023-11-28
967,82,5,66,2023-10-25
968,82,3,73,2023-10-03
969,82,4,73,2024-01-10
970,82,3,97,2023-09-27
971,82,2,65,2023-12-27
972,82,7,63,2023-10-22
973,82,2,82,2023-11-07
974,82,1,98,2024-02-10
975,82,3,70,2023-11-08
976,82,6,88,2023-11-22
977,82,1,80,2023-12-12
978,82,4,80,2023-10-28
979,82,7,75,2024-01-20
980,82,4,76,2024-01-11
981,82,5,86,2023-09-24
982,83,4,73,2023-10-13
983,83,3,93,2024-02-10
984,83,1,75,2023-10-26
985,83,6,96,2023-12-25
986,83,2,71,2024-01-29
987,83,4,68,2023-12-26
988,83,7,68,2023-12-10
989,83,5,67,2023-11-16
990,83,3,75,2023-09-20
991,83,6,67,2023-10-05
992,83,1,65,2023-09-18
993,83,7,63,2023-09-13
994,83,1,74,2023-10-24
995,83,2,85,2024-01-29
996,83,5,80,2023-11-26
997,83,4,96,2024-01-19
998,83,1,93,2023-09-17
999,84,5,64,2023-10-06
1000,84,5,91,2024-01-27
1001,84,6,84,2023-10-24
1002,84,2,90,2023-12-16
1003,84,1,77,2023-12-17
1004,84,5,94,2023-12-01
1005,84,1,66,2024-02-01
1006,84,1,94,2023-09-08
1007,84,6,73,2024-01-05
1008,84,5,81,2023-12-03
1009,84,7,73,2023-10-04
1010,84,1,73,2023-10-24
1011,84,6,65,2023-12-17
1012,84,5,82,2024-01-06
1013,84,4,81,2024-01-17
1014,84,4,89,2024-02-03
1015,84,5,79,2023-10-14
1016,85,2,80,2023-10-22
1017,85,5,97,2023-10-30
1018,85,6,66,2023-10-30
1019,85,6,80,2023-09-27
1020,85,1,61,2024-01-22
1021,85,1,95,2023-11-27
1022,85,4,82,2024-01-07
1023,85,5,70,2023-10-12
1024,85,2,98,2023-10-08
1025,85,4,80,2023-10-13
1026,85,1,75,2023-12-09
1027,85,1,61,2023-10-22
1028,85,3,61,2024-01-01
1029,85,1,97,2023-12-10
1030,85,2,89,2023-12-06
1031,85,2,73,2023-10-17
1032,85,7,85,2024-01-07
1033,85,2,75,2024-01-28
1034,86,1,76,2024-01-21
1035,86,5,67,2024-01-14
1036,86,1,98,2023-10-16
1037,86,2,98,2023-12-21
1038,86,2,91,2023-12-18
1039,86,7,92,2023-11-27
1040,86,7,87,2023-09-01
1041,86,5,97,2023-10-27
1042,86,7,78,2023-10-12
1043,86,5,65,2023-10-16
1044,86,4,62,2023-11-02
1045,86,6,79,2023-11-26
1046,86,5,89,2023-09-25
1047,86,5,68,2023-09-09
1048,86,7,62,2024-01-10
1049,87,3,95,2024-01-18
1050,87,1,88,2024-01-24
1051,87,6,85,2023-12-23
1052,87,6,64,2023-10-23
1053,87,1,81,2023-09-22
1054,87,2,72,2024-01-08
1055,87,7,63,2023-12-24
1056,87,7,86,2023-11-19
1057,87,2,82,2024-01-23
1058,87,1,62,2023-10-20
1059,88,5,74,2024-02-09
1060,88,3,93,2023-11-14
1061,88,5,72,2024-02-09
1062,88,2,86,2024-02-10
1063,88,6,65,2023-10-05
1064,88,1,93,2024-01-06
1065,88,7,98,2024-01-16
1066,88,2,79,2024-01-31
1067,88,3,68,2023-12-22
1068,88,4,82,2023-12-31
1069,88,3,61,2023-12-19
1070,88,4,62,2023-10-27
1071,88,6,88,2023-11-17
1072,88,7,79,2023-11-25
1073,88,6,74,2023-11-13
1074,88,6,71,2024-02-11
1075,88,6,84,2023-10-23
1076,88,4,77,2023-11-02
1077,88,1,72,2023-10-31
1078,88,2,96,2023-11-11
1079,89,1,91,2023-12-13
1080,89,7,93,2023-12-05
1081,89,4,85,2023-10-26
1082,89,3,89,2023-10-02
1083,89,6,98,2024-01-08
1084,89,7,79,2024-02-05
1085,90,5,85,2023-10-04
1086,90,5,92,2023-11-26
1087,90,6,80,2024-01-19
1088,90,4,80,2024-01-15
1089,90,6,64,2023-09-27
1090,90,1,89,2023-11-26
1091,90,2,99,2023-10-29
1092,90,4,61,2023-12-16
1093,90,1,74,2023-12-20
1094,90,2,67,2023-10-08
1095,90,6,94,2024-01-02
1096,90,6,65,2023-10-02
1097,90,6,68,2023-12-25
1098,90,4,67,2023-09-03
1099,90,5,88,2024-02-10
1100,90,4,84,2023-09-09
1101,90,5,83,2024-01-18
1102,90,5,87,2023-11-18
1103,90,4,70,2024-02-11
1104,91,3,87,2023-10-25
1105,91,3,61,2023-11-02
1106,91,1,82,2024-01-02
1107,91,7,79,2023-11-26
1108,91,2,61,2023-10-17
1109,91,2,66,2023-12-04
1110,91,3,98,2023-10-22
1111,91,1,70,2023-09-18
1112,91,6,81,2023-09-02
1113,91,4,73,2024-01-18
1114,91,6,95,2023-10-07
1115,91,2,99,2023-09-28
1116,91,3,61,2023-11-09
1117,92,2,92,2023-11-02
1118,92,7,83,2023-12-05
1119,92,4,62,2023-12-12
1120,92,5,75,2024-01-08
1121,92,5,85,2023-09-24
1122,92,6,85,2023-12-03
1123,92,3,67,2024-01-24
1124,92,7,92,2023-09-09
1125,92,2,70,2023-11-16
1126,92,6,60,2023-10-14
1127,92,7,68,2023-09-08
1128,92,2,85,2023-12-13
1129,92,6,77,2023-11-20
1130,92,1,77,2024-01-25
1131,92,6,71,2023-12-15
1132,93,4,98,2024-01-31
1133,93,7,100,2023-11-26
1134,93,6,95,2023-11-28
1135,93,1,75,2023-11-14
1136,93,5,74,2023-12-17
1137,93,4,92,2024-02-07
1138,93,3,72,2023-11-09
1139,93,2,67,2023-10-30
1140,93,4,77,2023-10-07
1141,93,1,91,2023-10-10
1142,93,7,93,2023-11-09
1143,93,3,97,2023-09-25
1144,93,3,98,2023-11-03
1145,93,4,64,2024-02-11
1146,93,4,81,2024-01-13
1147,93,3,85,2024-01-28
1148,93,5,98,2024-01-16
1149,94,2,75,2023-09-20
1150,94,4,70,2023-11-09
1151,94,4,63,2023-12-29
1152,94,1,60,2024-01-14
1153,94,3,68,2024-01-16
1154,94,5,77,2023-10-12
1155,95,4,86,2023-11-24
1156,95,4,66,2023-09-12
1157,95,4,88,2024-01-20
1158,95,7,89,2024-01-25
1159,95,7,64,2023-09-06
1160,95,1,65,2023-12-17
1161,95,1,90,2023-10-13
1162,95,7,82,2024-01-22
1163,95,7,72,2023-10-21
1164,95,5,88,2023-10-29
1165,95,3,97,2024-02-10
1166,95,4,91,2023-09-24
1167,95,3,87,2023-10-17
1168,95,5,67,2023-11-21
1169,95,6,93,2024-01-23
1170,95,2,66,2023-12-21
1171,95,2,90,2023-11-07
1172,95,1,88,2023-12-12
1173,96,3,73,2023-09-22
1174,96,1,61,2023-11-06
1175,96,2,89,2023-11-29
1176,96,1,85,2023-09-25
1177,96,6,78,2023-10-03
1178,96,3,92,2023-11-23
1179,96,1,80,2023-11-22
1180,96,2,92,2023-10-13
1181,97,1,98,2023-09-09
1182,97,2,86,2023-09-14
1183,97,3,65,2023-10-17
1184,97,3,77,2023-12-08
1185,97,6,97,2024-01-07
1186,97,2,85,2023-11-18
1187,97,5,96,2023-09-21
1188,97,4,93,2023-10-05
1189,97,7,94,2023-10-07
1190,97,3,65,2023-12-02
1191,97,4,84,2023-10-09
1192,97,6,79,2023-11-02
1193,97,7,100,2023-10-29
1194,98,5,82,2023-09-09
1195,98,1,77,2023-10-22
1196,98,2,83,2023-09-11
1197,98,4,98,2023-10-02
1198,98,5,72,2024-02-04
1199,98,1,78,2023-09-03
1200,98,4,68,2024-02-01
1201,98,7,67,2023-09-27
1202,98,6,88,2024-02-06
1203,98,6,70,2024-01-01
1204,98,6,86,2023-10-18
1205,98,7,94,2024-02-02
1206,98,3,61,2023-12-09
1207,99,4,79,2024-02-03
1208,99,4,88,2024-01-14
1209,99,5,78,2024-02-01
1210,99,1,67,2023-12-09
1211,99,7,99,2024-01-12
1212,99,3,100,2023-12-13
1213,100,1,87,2023-12-18
1214,100,3,98,2023-11-19
1215,100,4,70,2024-02-07
1216,100,3,71,2023-11-28
1217,100,1,98,2024-01-02
1218,101,1,95,2023-10-05
1219,101,2,68,2024-01-21
1220,101,4,76,2023-11-26
1221,101,1,66,2024-01-25
1222,101,5,67,2023-09-09
1223,101,7,68,2023-10-23
1224,101,5,80,2024-01-19
1225,101,4,78,2023-11-12
1226,101,4,73,2023-11-09
1227,101,5,74,2023-09-24
1228,101,1,90,2023-11-17
1229,101,5,94,2023-11-11
1230,101,5,60,2024-01-11
1231,101,3,83,2023-11-23
1232,101,2,85,2023-12-13
1233,101,4,73,2023-10-29
1234,101,2,96,2023-12-13
1235,101,5,63,2023-12-03
1236,101,6,91,2024-02-02
1237,102,2,81,2023-09-18
1238,102,7,78,2024-01-28
1239,102,7,91,2023-10-04
1240,102,7,85,2023-12-23
1241,102,1,63,2023-09-25
1242,102,5,60,2023-09-22
1243,103,2,97,2023-11-02
1244,103,4,100,2023-12-19
1245,103,6,77,2023-09-04
1246,103,2,97,2024-01-29
1247,103,4,71,2024-01-05
1248,103,4,94,2023-12-06
1249,103,7,85,2023-11-22
1250,103,2,63,2023-12-31
1251,103,2,62,2024-01-23
1252,103,1,92,2023-11-26
1253,103,3,78,2023-12-22
1254,103,6,96,2023-10-02
1255,103,6,65,2023-11-17
1256,103,6,98,2023-12-23
1257,104,3,61,2023-12-10
1258,104,6,82,2024-01-16
1259,104,7,65,2023-10-08
1260,104,4,91,2023-11-17
1261,104,4,96,2023-10-09
1262,104,3,75,2023-12-31
1263,104,2,62,2023-12-18
1264,104,3,87,2023-11-09
1265,104,4,76,2023-12-21
1266,104,4,99,2023-12-03
1267,104,2,91,2024-01-06
1268,104,2,72,2023-12-12
1269,104,7,71,2023-09-16
1270,104,4,79,2024-02-03
1271,105,2,88,2023-09-15
1272,105,3,63,2024-02-07
1273,105,6,64,2023-11-29
1274,105,4,81,2024-01-09
1275,105,1,66,2024-01-28
1276,105,1,93,2023-12-14
1277,105,4,100,2024-01-20
1278,105,7,100,2023-11-24
1279,105,4,92,2023-12-14
1280,106,4,75,2024-01-25
1281,106,3,86,2023-09-17
1282,106,4,95,2024-01-06
1283,106,7,86,2023-10-21
1284,106,1,75,2023-11-16
1285,106,3,70,2024-01-09
1286,106,3,65,2023-12-11
1287,106,2,78,2023-10-03
1288,106,6,81,2023-11-25
1289,106,3,62,2023-12-24
1290,106,6,68,2023-09-05
1291,106,7,61,2023-10-15
1292,106,4,67,2023-11-23
1293,106,3,61,2023-09-13
1294,106,7,65,2023-09-12
1295,106,4,61,2023-12-02
1296,106,7,97,2023-12-15
1297,106,3,74,2024-01-09
1298,107,4,86,2023-11-20
1299,107,2,73,2023-09-18
1300,107,3,95,2023-09-16
1301,107,4,75,2023-09-22
1302,107,2,71,2023-09-07
1303,107,4,100,2023-09-10
1304,107,2,73,2024-01-19
1305,107,2,84,2023-09-12
1306,108,7,86,2024-01-27
1307,108,5,84,2023-10-07
1308,108,4,61,2023-10-30
1309,108,4,67,2024-01-03
1310,108,6,96,2023-11-29
1311,108,4,98,2023-09-26
1312,108,6,64,2023-12-07
1313,108,6,72,2024-01-21
1314,108,4,83,2023-11-01
1315,109,1,63,2023-11-06
1316,109,3,99,2023-10-02
1317,109,7,75,2023-10-09
1318,109,2,85,2023-10-28
1319,109,4,98,2024-01-05
1320,109,7,77,2024-01-12
1321,109,5,77,2024-02-07
1322,109,2,63,2023-11-12
1323,109,7,68,2023-11-20
1324,109,4,90,2023-10-30
1325,109,2,79,2024-01-06
1326,110,6,86,2023-09-01
1327,110,1,80,2023-11-03
1328,110,6,79,2023-09-11
1329,110,2,80,2024-02-08
1330,110,3,87,2023-09-21
1331,111,1,99,2023-11-11
1332,111,5,65,2023-10-05
1333,111,5,68,2023-09-22
1334,111,4,70,2023-11-10
1335,111,6,61,2023-11-02
1336,111,6,96,2023-11-24
1337,111,2,91,2023-11-19
1338,111,1,64,2023-09-28
1339,111,6,100,2023-09-15
1340,111,6,82,2024-01-01
1341,111,4,76,2024-02-10
1342,111,6,79,2023-11-10
1343,111,6,99,2023-10-05
1344,111,1,76,2023-12-25
1345,111,7,87,2024-01-06
1346,111,3,81,2023-12-20
1347,111,7,100,2023-09-20
1348,111,4,66,2023-12-14
1349,112,6,74,2023-12-27
1350,112,6,82,2023-09-24
1351,112,5,63,2023-09-07
1352,112,7,66,2023-09-14
1353,112,7,80,2023-09-18
1354,112,4,96,2023-11-29
1355,113,1,60,2023-10-09
1356,113,5,98,2024-01-28
1357,113,2,98,2023-09-20
1358,113,6,67,2023-11-06
1359,113,2,68,2024-02-08
1360,113,4,98,2023-09-29
1361,113,5,86,2024-01-11
1362,113,6,71,2023-11-23
1363,113,1,79,2024-02-08
1364,113,6,94,2024-02-11
1365,113,4,87,2024-01-14
1366,113,5,70,2024-02-06
1367,113,2,87,2023-11-01
1368,113,2,91,2023-09-16
1369,113,4,62,2023-10-19
1370,113,3,65,2024-01-11
1371,113,1,81,2023-11-12
1372,113,7,96,2023-09-10
1373,113,4,92,2024-01-04
1374,113,4,71,2023-11-28
1375,114,3,76,2023-12-11
1376,114,7,64,2023-10-14
1377,114,6,71,2023-09-11
1378,114,7,93,2024-01-02
1379,114,7,97,2023-12-03
1380,114,2,69,2024-01-28
1381,114,7,93,2023-12-28
1382,114,4,83,2023-12-10
1383,114,4,90,2023-09-11
1384,114,5,82,2023-12-18
1385,114,3,70,2023-10-09
1386,114,2,94,2023-09-19
1387,114,6,88,2023-10-26
1388,114,5,87,2023-09-22
1389,114,6,63,2024-01-21
1390,114,1,68,2024-01-17
1391,114,6,88,2023-11-22
1392,114,1,61,2023-09-25
1393,115,1,90,2023-12-18
1394,115,2,100,2023-11-10
1395,115,3,77,2023-12-18
1396,115,4,74,2023-11-01
1397,115,3,92,2023-09-15
1398,115,5,70,2023-09-18
1399,115,5,81,2023-11-27
1400,116,6,72,2024-02-06
1401,116,4,94,2023-12-15
1402,116,2,68,2024-01-23
1403,116,2,95,2024-01-29
1404,116,6,81,2023-11-18
1405,116,7,73,2024-01-13
1406,116,1,95,2024-01-22
1407,116,1,95,2024-01-15
1408,116,1,70,2024-02-08
1409,116,4,77,2023-12-23
1410,116,6,97,2023-11-24
1411,116,7,74,2023-11-04
1412,116,5,73,2023-12-29
1413,116,3,95,2024-02-05
1414,116,3,64,2023-11-17
1415,116,5,75,2023-11-17
1416,116,7,87,2023-10-18
1417,117,2,94,2024-01-19
1418,117,1,95,2024-01-21
1419,117,2,66,2023-10-25
1420,117,4,60,2023-10-09
1421,117,2,92,2023-10-04
1422,117,6,67,2023-11-08
1423,117,3,71,2024-01-07
1424,117,5,95,2024-02-09
1425,117,1,65,2024-01-10
1426,117,7,82,2023-11-09
1427,117,7,90,2023-09-30
1428,117,3,81,2023-11-14
1429,117,2,99,2023-09-24
1430,117,4,94,2023-11-24
1431,117,4,74,2023-12-15
1432,117,2,94,2023-12-29
1433,117,5,85,2023-12-18
1434,117,1,84,2023-09-25
1435,117,5,68,2023-12-10
1436,117,7,99,2024-01-02
1437,118,1,88,2024-01-30
1438,118,1,70,2024-01-05
1439,118,5,80,2023-12-26
1440,118,6,82,2023-11-26
1441,118,2,80,2024-01-25
1442,118,4,100,2023-12-17
1443,118,5,89,2023-09-14
1444,118,6,62,2023-11-24
1445,118,3,70,2023-09-10
1446,118,6,93,2023-09-30
1447,118,6,76,2023-09-13
1448,118,5,99,2023-09-22
1449,118,4,94,2023-11-25
1450,118,1,96,2023-11-22
1451,118,3,65,2023-10-11
1452,118,7,68,2023-12-03
1453,119,3,74,2024-01-14
1454,119,7,75,2023-11-21
1455,119,1,94,2023-10-20
1456,119,1,69,2023-12-06
1457,119,6,92,2023-12-31
1458,119,5,65,2023-11-01
1459,119,6,78,2023-11-12
1460,119,4,84,2023-09-29
1461,120,4,90,2023-12-25
1462,120,7,68,2023-11-20
1463,120,7,69,2024-01-02
1464,120,1,93,2023-10-03
1465,120,5,62,2023-10-23
1466,120,2,83,2024-01-24
1467,120,5,91,2023-12-07
1468,120,7,67,2023-12-22
1469,120,5,67,2024-01-01
1470,120,4,64,2023-09-16
1471,120,1,64,2023-09-27
1472,120,1,79,2024-01-05
1473,120,6,74,2023-09-30
1474,120,2,60,2024-01-15
1475,120,4,92,2024-01-13
1476,120,6,68,2024-01-17
1477,120,7,61,2024-01-20
1478,120,1,76,2023-10-21
1479,120,5,93,2023-10-30
1480,121,7,66,2023-12-08
1481,121,2,82,2023-10-27
1482,121,1,74,2024-01-05
1483,121,3,62,2023-12-03
1484,121,6,73,2024-01-24
1485,121,5,67,2024-01-05
1486,121,1,97,2023-12-25
1487,121,1,83,2023-12-24
1488,121,7,87,2023-10-17
1489,121,6,60,2023-09-01
1490,121,7,81,2023-12-25
1491,121,2,67,2023-11-05
1492,121,1,91,2023-09-18
1493,121,5,79,2023-12-20
1494,121,2,92,2023-12-08
1495,121,3,64,2023-09-16
1496,121,7,78,2023-09-15
1497,121,2,80,2023-09-19
1498,121,1,72,2024-01-10
1499,122,5,91,2024-01-08
1500,122,6,76,2023-09-03
1501,122,7,81,2023-12-17
1502,122,4,94,2023-12-07
1503,122,5,83,2023-11-29
1504,122,2,72,2023-09-12
1505,122,7,84,2023-12-03
1506,122,2,77,2023-10-01
1507,122,3,87,2023-12-25
1508,122,6,93,2023-11-13
1509,122,3,63,2023-11-28
1510,122,3,97,2024-01-28
1511,122,2,60,2023-11-03
1512,123,2,94,2023-11-16
1513,123,1,100,2023-09-07
1514,123,4,60,2023-12-03
1515,123,7,92,2024-01-14
1516,123,7,100,2023-10-17
1517,123,6,82,2024-01-27
1518,123,2,92,2023-10-25
1519,123,6,72,2023-12-26
1520,123,6,85,2024-01-15
1521,123,6,90,2023-11-29
1522,123,5,94,2023-11-27
1523,123,6,84,2024-02-05
1524,123,7,93,2024-01-17
1525,123,2,94,2023-09-09
1526,123,6,66,2023-09-30
1527,123,7,94,2024-02-10
1528,123,4,93,2024-01-28
1529,123,3,62,2023-11-04
1530,123,3,70,2023-10-07
1531,124,3,72,2023-12-18
1532,124,3,74,2024-02-08
1533,124,6,90,2024-02-05
1534,124,5,91,2023-11-11
1535,124,7,85,2023-12-12
1536,124,7,84,2023-12-30
1537,124,3,86,2023-09-22
1538,124,2,71,2024-01-28
1539,124,4,99,2023-09-21
1540,124,5,90,2023-12-29
1541,124,4,94,2023-10-14
1542,124,4,74,2023-11-26
1543,124,6,65,2023-12-10
1544,125,2,73,2023-12-09
1545,125,4,80,2023-12-10
1546,125,3,66,2023-12-25
1547,125,7,77,2024-01-18
1548,125,6,60,2023-10-25
1549,125,3,64,2023-11-15
1550,125,5,87,2023-10-13
1551,125,4,75,2024-02-02
1552,125,1,69,2023-11-05
1553,125,7,82,2023-11-24
1554,125,6,89,2024-01-13
1555,126,1,84,2023-12-02
1556,126,6,69,2023-11-04
1557,126,1,65,2023-10-15
1558,126,3,94,2024-01-09
1559,126,6,65,2024-01-15
1560,126,7,96,2023-10-17
1561,126,4,64,2023-09-30
1562,126,1,72,2023-12-06
1563,126,6,91,2023-10-16
1564,127,5,71,2023-09-10
1565,127,1,63,2024-01-11
1566,127,6,60,2024-02-09
1567,127,7,93,2023-12-07
1568,127,6,99,2023-11-15
1569,128,1,92,2024-02-04
1570,128,7,74,2024-01-19
1571,128,3,80,2023-11-15
1572,128,2,82,2024-01-18
1573,128,1,66,2023-12-27
1574,128,1,82,2023-12-11
1575,128,7,95,2024-01-01
1576,128,7,99,2024-01-16
1577,128,5,65,2023-12-15
1578,128,5,76,2024-02-10
1579,128,2,93,2024-01-17
1580,128,7,92,2024-02-08
1581,128,5,60,2023-09-15
1582,128,2,80,2024-01-24
1583,128,2,62,2023-10-04
1584,128,3,94,2024-01-15
1585,128,7,89,2024-01-04
1586,128,2,87,2024-02-04
1587,129,7,61,2024-01-24
1588,129,2,84,2023-10-24
1589,129,2,95,2024-01-02
1590,129,7,76,2023-12-13
1591,129,4,61,2024-02-03
1592,129,4,78,2023-09-12
1593,129,4,81,2023-09-21
1594,129,6,95,2024-01-25
1595,129,2,67,2023-11-07
1596,129,3,78,2024-01-26
1597,129,1,90,2023-11-09
1598,129,3,84,2023-11-09
1599,129,4,80,2023-12-06
1600,129,5,87,2023-10-03
1601,130,3,78,2023-10-20
1602,130,6,81,2024-01-02
1603,130,5,70,2024-02-01
1604,130,5,97,2023-12-04
1605,130,7,99,2023-11-28
1606,130,2,83,2023-12-09
1607,130,4,85,2024-01-31
1608,130,2,84,2023-11-09
1609,130,2,92,2023-09-22
1610,130,6,88,2024-01-16
1611,130,7,68,2024-01-21
1612,130,6,75,2023-10-10
1613,130,3,92,2023-10-02
1614,130,5,83,2023-09-15
1615,131,1,81,2023-09-22
1616,131,7,92,2023-09-19
1617,131,5,72,2023-09-22
1618,131,6,88,2023-09-09
1619,131,2,75,2023-12-23
1620,131,1,69,2023-12-12
1621,132,6,72,2023-10-07
1622,132,6,81,2023-10-15
1623,132,7,78,2024-01-24
1624,132,5,87,2024-01-26
1625,132,4,76,2023-11-15
1626,132,7,71,2023-11-04
1627,132,6,60,2023-10-29
1628,132,2,69,2024-02-03
1629,132,3,62,2023-10-02
1630,132,1,76,2024-01-06
1631,132,4,67,2024-01-22
1632,133,2,80,2023-10-04
1633,133,4,70,2023-09-15
1634,133,5,99,2024-01-15
1635,133,4,98,2023-12-03
1636,133,1,87,2023-12-20
1637,133,2,98,2024-01-17
1638,133,2,84,2023-10-12
1639,133,2,71,2023-12-26
1640,133,2,75,2023-10-15
1641,133,6,61,2024-01-22
1642,133,1,84,2023-10-06
1643,133,2,96,2023-11-29
1644,133,6,60,2023-09-21
1645,133,5,68,2023-10-26
1646,133,1,61,2023-10-01
1647,133,1,64,2023-09-30
1648,133,7,80,2023-09-04
1649,133,2,92,2023-09-18
1650,133,2,69,2024-01-09
1651,134,2,80,2024-01-06
1652,134,6,60,2024-02-08
1653,134,7,67,2023-09-08
1654,134,2,65,2023-09-03
1655,134,6,61,2023-11-20
1656,134,1,93,2023-11-27
1657,134,6,62,2023-11-14
1658,134,7,73,2024-01-17
1659,134,4,83,2023-11-11
1660,134,7,90,2023-12-20
1661,135,4,98,2023-11-07
1662,135,2,63,2024-01-12
1663,135,5,79,2023-11-27
1664,135,1,73,2023-09-20
1665,135,7,76,2023-09-17
1666,135,2,99,2023-12-22
1667,135,4,69,2024-01-04
1668,135,1,64,2023-11-21
1669,135,1,76,2023-12-26
1670,136,7,90,2023-09-15
1671,136,6,63,2023-10-20
1672,136,1,98,2024-01-01
1673,136,2,66,2023-10-31
1674,136,2,98,2023-11-26
1675,136,4,99,2023-11-17
1676,136,1,65,2023-10-22
1677,136,5,82,2023-11-26
1678,136,6,71,2023-12-29
1679,136,3,64,2023-12-15
1680,136,2,77,2024-01-19
1681,136,6,74,2023-12-22
1682,136,2,94,2023-11-17
1683,136,3,99,2023-10-21
1684,136,3,82,2023-11-13
1685,136,6,94,2023-10-29
1686,136,2,87,2023-10-11
1687,136,5,98,2024-02-05
1688,136,1,83,2023-11-06
1689,136,7,91,2023-12-10
1690,137,4,80,2024-01-04
1691,137,1,64,2023-11-10
1692,137,4,71,2023-09-29
1693,137,3,96,2023-10-23
1694,137,4,74,2024-01-08
1695,138,5,90,2024-01-13
1696,138,1,93,2023-12-15
1697,138,7,63,2023-10-05
1698,138,2,98,2023-12-15
1699,138,3,75,2024-01-21
1700,138,5,88,2023-09-22
1701,138,3,97,2024-01-30
1702,138,6,60,2024-01-17
1703,138,5,92,2023-10-06
1704,138,3,69,2023-09-24
1705,138,2,70,2024-01-03
1706,138,1,81,2023-10-01
1707,138,2,82,2023-11-17
1708,138,4,66,2023-12-30
1709,138,1,76,2023-11-08
1710,139,3,74,2023-09-03
1711,139,3,60,2024-01-27
1712,139,4,75,2023-09-11
1713,139,4,60,2023-09-21
1714,139,2,73,2023-12-07
1715,140,4,73,2023-12-01
1716,140,6,60,2023-12-21
1717,140,4,65,2024-02-02
1718,140,4,74,2023-10-02
1719,140,2,99,2024-02-09
1720,140,7,68,2023-12-16
1721,140,2,72,2023-11-12
1722,140,4,95,2023-12-27
1723,140,1,79,2023-11-30
1724,140,5,90,2023-09-27
1725,140,4,96,2023-10-20
1726,140,6,64,2023-12-06
1727,140,7,68,2023-11-30
1728,140,4,89,2023-10-19
1729,140,4,89,2023-10-31
1730,140,2,65,2023-09-26
1731,140,5,60,2023-11-14
1732,140,6,73,2023-11-08
1733,140,4,63,2024-01-22
1734,141,4,77,2023-09-02
1735,141,2,88,2023-10-07
1736,141,6,98,2023-11-04
1737,141,6,83,2023-12-27
1738,141,6,80,2024-01-17
1739,141,2,72,2023-11-19
1740,141,7,63,2023-10-11
1741,141,5,86,2024-01-13
1742,141,6,100,2023-09-22
1743,141,6,73,2023-12-02
1744,141,6,84,2024-01-01
1745,141,6,67,2024-01-18
1746,142,6,83,2023-09-09
1747,142,4,69,2023-09-03
1748,142,5,73,2023-12-09
1749,142,2,82,2023-10-08
1750,142,3,75,2023-11-10
1751,143,3,66,2024-01-11
1752,143,6,86,2023-10-03
1753,143,3,64,2024-02-03
1754,143,6,63,2024-01-06
1755,143,7,88,2023-09-23
1756,143,1,83,2023-09-16
1757,144,3,69,2023-11-09
1758,144,4,82,2023-09-01
1759,144,1,62,2024-01-23
1760,144,1,71,2023-12-11
1761,144,5,77,2023-11-03
1762,144,4,81,2024-01-24
1763,144,2,61,2023-11-26
1764,144,7,63,2024-01-29
1765,144,2,73,2023-12-02
1766,144,7,92,2024-01-26
1767,144,4,68,2024-01-14
1768,144,4,93,2023-11-30
1769,144,6,93,2024-01-10
1770,144,1,89,2023-09-12
1771,145,2,86,2023-12-17
1772,145,2,87,2023-11-15
1773,145,5,84,2023-09-05
1774,145,1,70,2023-11-15
1775,145,4,60,2023-09-09
1776,145,5,91,2024-01-03
1777,145,2,75,2024-01-21
1778,145,3,80,2023-09-25
1779,145,4,87,2023-09-17
1780,145,7,65,2023-09-29
1781,145,4,65,2024-02-04
1782,145,7,62,2023-10-09
1783,145,4,89,2024-01-07
1784,145,2,67,2023-09-22
1785,145,3,76,2023-10-06
1786,145,1,90,2024-01-17
1787,146,1,89,2023-10-23
1788,146,1,95,2023-12-16
1789,146,7,99,2023-11-17
1790,146,6,87,2024-01-05
1791,146,7,85,2023-11-02
1792,146,2,78,2023-09-29
1793,146,1,71,2024-01-29
1794,146,3,90,2023-12-13
1795,146,6,72,2023-09-12
1796,146,6,77,2023-11-22
1797,146,6,67,2024-02-03
1798,146,5,98,2023-10-28
1799,146,7,84,2023-09-01
1800,146,1,72,2023-12-22
1801,146,6,97,2023-12-11
1802,146,4,89,2023-11-06
1803,146,1,92,2023-10-19
1804,146,6,70,2023-10-14
1805,146,5,97,2023-12-15
1806,146,2,62,2023-09-23
1807,147,7,99,2024-01-18
1808,147,6,99,2023-09-14
1809,147,4,63,2023-10-01
1810,147,2,62,2024-02-05
1811,147,5,61,2024-01-03
1812,147,7,96,2023-10-29
1813,147,3,100,2023-11-21
1814,147,1,64,2023-10-23
1815,147,1,61,2024-02-06
1816,148,3,75,2023-12-29
1817,148,1,87,2023-10-16
1818,148,2,74,2023-11-06
1819,148,3,90,2023-12-03
1820,148,2,99,2023-10-08
1821,148,4,65,2024-02-05
1822,148,3,64,2023-12-29
1823,148,2,88,2023-11-19
1824,148,1,88,2024-02-02
1825,148,7,83,2023-12-21
1826,148,7,93,2023-10-24
1827,148,7,70,2024-01-10
1828,148,5,60,2023-09-29
1829,148,6,75,2023-12-30
1830,148,6,68,2023-11-05
1831,148,7,69,2024-01-11
1832,149,5,66,2024-01-03
1833,149,7,88,2023-10-01
1834,149,2,64,2023-11-28
1835,149,5,92,2023-09-04
1836,149,5,60,2023-12-16
1837,149,6,68,2023-11-15
1838,149,2,75,2024-02-03
1839,150,6,86,2024-01-05
1840,150,3,90,2023-11-07
1841,150,1,66,2023-09-13
1842,150,4,80,2023-11-23
1843,150,4,100,2023-12-31
1844,150,2,88,2023-11-22
1845,150,1,86,2023-11-04
1846,150,2,60,2024-01-22
1847,150,2,99,2023-12-23
1848,150,4,71,2023-09-21
1849,150,1,93,2023-11-23
